A,Ala,C3H5ON,71.08,Alanine,89
R,Arg,C6H12ON4,156.19,Arginine,174
N,Asn,C4H6O2N2,114.10,Asparagine,132
D,Asp,C4H5O3N,115.09,Aspartic acid,133
C,Cys,C3H5ONS,103.14,Cysteine,121
Q,Gln,C5H8O2N2,128.13,Glutamine,146
E,Glu,C5H7O3N,129.12,Glutamic acid,147
G,Gly,C2H3ON,57.05,Glycine,75
H,His,C6H7ON3,137.14,Histidine,155
I,Ile,C6H11ON,113.16,Isoleucine,131
L,Leu,C6H11ON,113.16,Leucine,131
K,Lys,C6H12ON2,128.17,Lysine,146
M,Met,C5H9ONS,131.19,Methionine,149
F,Phe,C9H9ON,147.18,Phenylalanine,165
P,Pro,C5H7ON,97.12,Proline,115
S,Ser,C3H5O2N,87.08,Serine,105
T,Thr,C4H7O2N,101.11,Threonine,119
W,Trp,C11H10ON2,186.21,Tryptophan,204
Y,Tyr,C9H9O2N,163.18,Tyrosine,181
V,Val,C5H9ON,99.13,Valine,117
